<?xml version="1.0" encoding="UTF-8" ?>
<!DOCTYPE mapper PUBLIC "-//mybatis.org//DTD Mapper 3.0//EN" "http://mybatis.org/dtd/mybatis-3-mapper.dtd">
<mapper namespace="com.thinkgem.jeesite.modules.questionlib.dao.CourseVesionDao">
    
	<sql id="courseVesionColumns">
		a.id AS "id",
		a.title AS "title",
		a.course_id AS "courseId",
		a.version_code AS "versionCode",
		a.create_by AS "createBy.id",
		a.create_date AS "createDate",
		a.update_by AS "updateBy.id",
		a.update_date AS "updateDate",
		a.del_flag AS "delFlag",
		
		tc.id as "course.id",
		tc.title as "course.title",
		ts.id as "specialty.id",
		ts.title as "specialty.title"
	</sql>
	
	<sql id="courseVesionJoins">
	    left join  table_course tc  on tc.id=a.course_id
	    left join  table_specialty ts  on ts.id=tc.specialty_id
	</sql>
    
	<select id="get" resultType="CourseVesion">
		SELECT 
			<include refid="courseVesionColumns"/>
		FROM table_course_vesion a
		<include refid="courseVesionJoins"/>
		WHERE a.id = #{id}
	</select>
	
	<select id="findList" resultType="CourseVesion">
		SELECT 
			<include refid="courseVesionColumns"/>
		FROM table_course_vesion a
		<include refid="courseVesionJoins"/>
		<where>
			a.del_flag = #{DEL_FLAG_NORMAL}
			<if test="title != null and title != ''">
				AND a.title LIKE 
					<if test="dbName == 'oracle'">'%'||#{title}||'%'</if>
					<if test="dbName == 'mssql'">'%'+#{title}+'%'</if>
					<if test="dbName == 'mysql'">concat('%',#{title},'%')</if>
			</if>
			<if test="courseId != null and courseId != ''">
				AND a.course_id = #{courseId}
			</if>
			<if test="specialtyId != null and specialtyId != ''">
				AND tc.specialty_id = #{specialtyId}
			</if>
			 
		</where>
		<choose>
			<when test="page !=null and page.orderBy != null and page.orderBy != ''">
				ORDER BY ${page.orderBy}
			</when>
			<otherwise>
				ORDER BY a.update_date DESC
			</otherwise>
		</choose>
	</select>
	
	<select id="findAllList" resultType="CourseVesion">
		SELECT 
			<include refid="courseVesionColumns"/>
		FROM table_course_vesion a
		<include refid="courseVesionJoins"/>
		<where>
			a.del_flag = #{DEL_FLAG_NORMAL}
		</where>		
		<choose>
			<when test="page !=null and page.orderBy != null and page.orderBy != ''">
				ORDER BY ${page.orderBy}
			</when>
			<otherwise>
				ORDER BY a.update_date DESC
			</otherwise>
		</choose>
	</select>
	
	<select id="countCourseVesionByCourseId" resultType="java.lang.Integer">
		select count(*) from table_course_vesion where course_id=#{courseId} and del_flag = #{DEL_FLAG_NORMAL}
	</select>
	
	
	<insert id="insert">
		INSERT INTO table_course_vesion(
			id,
			title,
			course_id,
			version_code,
			create_by,
			create_date,
			update_by,
			update_date,
			del_flag
		) VALUES (
			#{id},
			#{title},
			#{courseId},
			#{versionCode},
			#{createBy.id},
			#{createDate},
			#{updateBy.id},
			#{updateDate},
			#{delFlag}
		)
	</insert>
	
	<update id="update">
		UPDATE table_course_vesion SET 	
			title = #{title},
			course_id = #{courseId},
			version_code = #{versionCode},
			update_by = #{updateBy.id},
			update_date = #{updateDate}
		WHERE id = #{id}
	</update>
	
	<update id="delete">
		UPDATE table_course_vesion SET 
			del_flag = #{DEL_FLAG_DELETE}
		WHERE id = #{id}
	</update>
	<!-- 根据教师id获取版本id -->
	<select id="getCourseVesionByUserId" resultType="ClassCourseListVo">
		SELECT DISTINCT 
			a.verson_id AS 'versionId'
		FROM table_teacher_class_course a 
		WHERE a.teacher_id=#{userID}
	</select>
	<!-- 根据版本id获取课程id -->
	<select id="getCourseIdByVesionId" resultType="CourseVesion">
		SELECT DISTINCT 
			c.id AS 'id',
			c.title AS 'title',
			c.course_id AS 'courseId'
		FROM table_course_vesion c 
		WHERE c.id=#{vesionId}
	</select>
	<!-- 根据课程id获取课程详情 -->
	<select id="getCourseByCourseId" resultType="Course">
		SELECT DISTINCT 
			d.id AS 'id',
			d.title AS 'title'
		FROM table_course d 
		WHERE d.id=#{courseId}
	</select>
	
	
	<!-- 获取教师所在的版本信息 -->
	<!-- <select id="getCourseVesionDaoByUserId" resultType="ClassVesionCourseDTO">
		SELECT DISTINCT
			a.id AS "courseVesion.id",
			a.title AS "courseVesion.title",
			a.course_id AS "courseVesion.courseId",
			c.title  AS "course.title",
			c.id  AS "course.id"
		FROM table_course_vesion a
		LEFT JOIN table_teacher_class_course b ON a.id=b.verson_id
		LEFT JOIN table_course c ON c.id=b.course_id
		<where>
			<if test="userID != null and userID !=''">
				b.teacher_id=#{userID}
			</if>
			
		</where>

	</select> -->
	<!-- 通过id获取版本 -->
	<!-- <select id="getCourseVesionById" resultType="CourseVesion">
	699353f8ba0e4a4787f0d996242dc5b1	 ebf619afa6e748d58391302e0daea756
		SELECT 
			<include refid="courseVesionColumns"/>
		FROM table_course_vesion a
		<where>
			<if test="courseVesionId">
				a.id=#{courseVesionId}
			</if>
		</where>
	</select> -->
	
	<select id="getVersionByVersionCode" resultType="CourseVesion">
		SELECT 
			<include refid="courseVesionColumns"/>
		FROM table_course_vesion a
		<include refid="courseVesionJoins"/>
		WHERE a.del_flag = #{DEL_FLAG_NORMAL}
		AND a.version_code = #{versionCode}
	</select>
	
		<select id="findListBySpecialtyId" resultType="CourseVesion">
		SELECT 
			<include refid="courseVesionColumns"/>
		FROM table_course_vesion a
		<include refid="courseVesionJoins"/>
		<where>
			a.del_flag = #{DEL_FLAG_NORMAL}
			<if test="title != null and title != ''">
				AND a.title LIKE 
					<if test="dbName == 'oracle'">'%'||#{title}||'%'</if>
					<if test="dbName == 'mssql'">'%'+#{title}+'%'</if>
					<if test="dbName == 'mysql'">concat('%',#{title},'%')</if>
			</if>
			<if test="specialty != null and specialty.id != null and specialty.id != ''">
				AND a.course_id IN(
					SELECT id FROM table_course
					WHERE specialty_id = #{specialty.id}
				)
			</if>
		</where>
		<choose>
			<when test="page !=null and page.orderBy != null and page.orderBy != ''">
				ORDER BY ${page.orderBy}
			</when>
			<otherwise>
				ORDER BY a.update_date DESC
			</otherwise>
		</choose>
	</select>
</mapper>