<?xml version="1.0" encoding="UTF-8" ?>
<!DOCTYPE mapper PUBLIC "-//mybatis.org//DTD Mapper 3.0//EN" "http://mybatis.org/dtd/mybatis-3-mapper.dtd">
<mapper namespace="com.thinkgem.jeesite.modules.questionlib.dao.CourseQuestionlibDao">
    
	<sql id="courseQuestionlibColumns">
		a.id AS "id",
		a.title AS "title",
		a.version_id AS "versionId",
		a.owner_type AS "ownerType",
		a.state AS "state",
		a.school_id AS "schoolId",
		a.user_id AS "user.id",
		a.lib_code AS "libCode",
		a.create_by AS "createBy.id",
		a.create_date AS "createDate",
		a.update_by AS "updateBy.id",
		a.update_date AS "updateDate",
		a.del_flag AS "delFlag",
		u7.name AS "user.name"
	</sql>
	
	<sql id="courseQuestionlibJoins">
		LEFT JOIN sys_user u7 ON u7.id = a.user_id
	</sql>
    
	<select id="get" resultType="CourseQuestionlib">
		SELECT 
			<include refid="courseQuestionlibColumns"/>
		FROM table_course_questionlib a
		<include refid="courseQuestionlibJoins"/>
		WHERE a.id = #{id}
	</select>
	
	<select id="findList" resultType="CourseQuestionlib">
		SELECT 
			<include refid="courseQuestionlibColumns"/>
		FROM table_course_questionlib  a 
		<include refid="courseQuestionlibJoins"/> , table_course_vesion cv ,table_course tc ,table_specialty ts
		<where>
			a.del_flag = #{DEL_FLAG_NORMAL} 
			 and  a.version_id =cv.id 
			 and cv.course_id =tc.id
			 and tc.specialty_id =ts.id
			<if test="title != null and title != ''">
				AND a.title LIKE 
					<if test="dbName == 'oracle'">'%'||#{title}||'%'</if>
					<if test="dbName == 'mssql'">'%'+#{title}+'%'</if>
					<if test="dbName == 'mysql'">concat('%',#{title},'%')</if>
			</if>
			<if test="versionId != null and versionId != ''">
				AND a.version_id = #{versionId}
			</if>
			<!-- <if test="course != null and course.id != null and course.id != ''">
				AND a.version_id = #{course.id}
			</if>
			<if test="specialty != null and specialty.id != null and specialty.id != ''">
				AND a.version_id = #{specialty.id} 
			</if>-->
			<if test="schoolId != null and schoolId != ''">
				AND a.school_id = #{schoolId}
			</if>
			<if test="user != null and user.id != null and user.id != ''">
				AND a.user_id = #{user.id}
			</if>
			<if test="ownerType != null and ownerType != ''">
				AND a.owner_type = #{ownerType}
			</if>
			<if test="state != null and state != ''">
				AND a.state = #{state}
			</if>
			
			   <if test="specialtyId != null and specialtyId != ''">
					AND ts.id = #{specialtyId}
			     </if> 
			  
			     <if test="courseId != null and courseId != ''">
					AND tc.id= #{courseId}
			     </if> 
			
			
		</where>
		<choose>
			<when test="page !=null and page.orderBy != null and page.orderBy != ''">
				ORDER BY ${page.orderBy}
			</when>
			<otherwise>
				ORDER BY a.update_date DESC
			</otherwise>
		</choose>
	</select>
	
	
	<select id="getByTitle"  resultType="CourseQuestionlib">
		SELECT 
			<include refid="courseQuestionlibColumns"/>
		FROM table_course_questionlib  a 
		<include refid="courseQuestionlibJoins"/>
		<where>
		    a.del_flag = #{DEL_FLAG_NORMAL} 
		   AND a.title like #{title}
          <if test="versionId != null and versionId != ''">
			   AND a.version_id = #{versionId}
		  </if> 
		  
		   <if test="schoolId != null and schoolId != ''">
			  AND a.school_id = #{schoolId}
		  </if> 
		<!--   <if test="user.i != null and user.i != ''">
			  AND a.user_id = #{user.id}
		  </if> -->
		  <if test="ownerType != null and ownerType != ''">
			 AND a.owner_type = #{ownerType}
		  </if>
			
		</where>
	</select>
	
	
	<select id="findAllList" resultType="CourseQuestionlib">
		SELECT 
			<include refid="courseQuestionlibColumns"/>
		FROM table_course_questionlib a
		<include refid="courseQuestionlibJoins"/>
		<where>
			a.del_flag = #{DEL_FLAG_NORMAL}
		</where>		
		<choose>
			<when test="page !=null and page.orderBy != null and page.orderBy != ''">
				ORDER BY ${page.orderBy}
			</when>
			<otherwise>
				ORDER BY a.update_date DESC
			</otherwise>
		</choose>
	</select>
	
	<insert id="insert">
		INSERT INTO table_course_questionlib(
			id,
			title,
			version_id,
			owner_type,
			state,
			school_id,
			user_id,
			lib_code,
			create_by,
			create_date,
			update_by,
			update_date,
			del_flag
		) VALUES (
			#{id},
			#{title},
			#{versionId},
			#{ownerType},
			#{state},
			#{schoolId},
			#{user.id},
			#{libCode},
			#{createBy.id},
			#{createDate},
			#{updateBy.id},
			#{updateDate},
			#{delFlag}
		)
	</insert>
	
	<update id="update">
		UPDATE table_course_questionlib SET 	
			title = #{title},
			version_id = #{versionId},
			owner_type = #{ownerType},
			state = #{state},
			school_id = #{schoolId},
			user_id = #{user.id},
			lib_code = #{libCode},
			update_by = #{updateBy.id},
			update_date = #{updateDate}
		WHERE id = #{id}
	</update>
	
	<update id="delete">
		UPDATE table_course_questionlib SET 
			del_flag = #{DEL_FLAG_DELETE}
		WHERE id = #{id}
	</update>
	
	<update id="deleteSchoolLib">
		UPDATE table_school_questionlib SET 
			del_flag = #{DEL_FLAG_DELETE}
		WHERE questionlib_id = #{id}
	</update>
	
	<select id="getQuestionlibByLibCode" resultType="CourseQuestionlib">
		SELECT 
			<include refid="courseQuestionlibColumns"/>
		FROM table_course_questionlib a
		<include refid="courseQuestionlibJoins"/>
		WHERE a.del_flag = #{DEL_FLAG_NORMAL}
		AND a.lib_code = #{libCode}
	</select>
	
	<select id="findListByView" resultType="CourseQuestionlib">
		SELECT 
			a.id AS "id",
			a.title AS "title",
			a.version_id AS "versionId",
			a.owner_type AS "ownerType",
			a.state AS "state",
			a.school_id AS "schoolId",
			a.user_id AS "user.id",
			a.lib_code AS "libCode",
			a.create_by AS "createBy.id",
			a.create_date AS "createDate",
			a.update_by AS "updateBy.id",
			a.update_date AS "updateDate",
			a.del_flag AS "delFlag"
		FROM table_questionlib_version_course_specialty a
		<where>
			a.del_flag = #{DEL_FLAG_NORMAL}
			<if test="title != null and title != ''">
				AND a.title LIKE 
					<if test="dbName == 'oracle'">'%'||#{title}||'%'</if>
					<if test="dbName == 'mssql'">'%'+#{title}+'%'</if>
					<if test="dbName == 'mysql'">concat('%',#{title},'%')</if>
			</if>
			<if test="versionId != null and versionId != ''">
				AND a.version_id = #{versionId}
			</if>
			<if test="specialty != null and specialty.id != null and specialty.id != ''">
				AND a.specialty_id = #{specialty.id} 
			</if>
			<if test="course != null and course.id != null and course.id != ''">
				AND a.course_id = #{course.id}
			</if>
			<if test="schoolId != null and schoolId != ''">
				AND a.school_id = #{schoolId}
			</if>
			<if test="user != null and user.id != null and user.id != ''">
				AND a.user_id = #{user.id}
			</if>
			<if test="ownerType != null and ownerType != ''">
				AND a.owner_type = #{ownerType}
			</if>
			<if test="state != null and state != ''">
				AND a.state = #{state}
			</if>
		</where>
		<choose>
			<when test="page !=null and page.orderBy != null and page.orderBy != ''">
				ORDER BY ${page.orderBy}
			</when>
			<otherwise>
				ORDER BY a.update_date DESC
			</otherwise>
		</choose>
	</select>
	
</mapper>