<?xml version="1.0" encoding="UTF-8" ?>
<!DOCTYPE mapper PUBLIC "-//mybatis.org//DTD Mapper 3.0//EN" "http://mybatis.org/dtd/mybatis-3-mapper.dtd">
<mapper namespace="com.thinkgem.jeesite.modules.questionlib.dao.SpecialtyDao">
    
	<sql id="specialtyColumns">
		a.id AS "id",
		a.title AS "title",
		a.desciption AS "desciption",
		a.specialty_code AS "specialtyCode",
		a.create_by AS "createBy.id",
		a.create_date AS "createDate",
		a.update_by AS "updateBy.id",
		a.update_date AS "updateDate",
		a.del_flag AS "delFlag",
		a.parent_id AS "parent.id",
		a.parent_ids AS "parentIds"
	</sql>
	
	<sql id="specialtyJoins">
	</sql>
    
	<select id="get" resultType="Specialty">
		SELECT 
			<include refid="specialtyColumns"/>
		FROM table_specialty a
		<include refid="specialtyJoins"/>
		WHERE a.id = #{id}
		
		
	</select>
	
	<select id="findList" resultType="Specialty">
		SELECT 
			<include refid="specialtyColumns"/>
		FROM table_specialty a
		<include refid="specialtyJoins"/>
		<where>
			a.del_flag = #{DEL_FLAG_NORMAL}
			<if test="title != null and title != ''">
				AND a.title LIKE 
					<if test="dbName == 'oracle'">'%'||#{title}||'%'</if>
					<if test="dbName == 'mssql'">'%'+#{title}+'%'</if>
					<if test="dbName == 'mysql'">concat('%',#{title},'%')</if>
			</if>
			
			<if test="specialtyCode != null and specialtyCode != ''">
				AND a.specialty_code = #{specialtyCode}
			</if>
			
			<if test="id !=null and id !=''">
			   and ( a.id =#{id} or a.parent_ids like concat('%,',#{id},',%') )
			</if>
			
		</where>
		<choose>
			<when test="page !=null and page.orderBy != null and page.orderBy != ''">
				ORDER BY ${page.orderBy}
			</when>
			<otherwise>
				ORDER BY a.update_date DESC
			</otherwise>
		</choose>
	</select>
	
	
	
	<select id="findAllList" resultType="Specialty">
		SELECT 
			<include refid="specialtyColumns"/>
		FROM table_specialty a
		<include refid="specialtyJoins"/>
		<where>
			a.del_flag = #{DEL_FLAG_NORMAL}
		</where>		
		<choose>
			<when test="page !=null and page.orderBy != null and page.orderBy != ''">
				ORDER BY ${page.orderBy}
			</when>
			<otherwise>
				ORDER BY a.update_date DESC
			</otherwise>
		</choose>
	</select>
	
	<insert id="insert">
		INSERT INTO table_specialty(
			id,
			title,
			desciption,
			specialty_code,
			create_by,
			create_date,
			update_by,
			update_date,
			del_flag,
			parent_id,
			parent_ids
		) VALUES (
			#{id},
			#{title},
			#{desciption},
			#{specialtyCode},
			#{createBy.id},
			#{createDate},
			#{updateBy.id},
			#{updateDate},
			#{delFlag},
			#{parent.id},
			#{parentIds}
		)
	</insert>
	
	<update id="update">
		UPDATE table_specialty SET 	
			title = #{title},
			desciption = #{desciption},
			specialty_code = #{specialtyCode},
			update_by = #{updateBy.id},
			update_date = #{updateDate},
			parent_id = #{parent.id},
			parent_ids = #{parentIds}
		WHERE id = #{id}
	</update>
	
	<update id="delete">
		UPDATE table_specialty SET 
			del_flag = #{DEL_FLAG_DELETE}
		WHERE id = #{id}
	</update>
	
	
	<update id="deleteAllChild">
		<if test="parentIds != null and parentIds != ''">
			UPDATE table_specialty SET 
				del_flag = #{DEL_FLAG_DELETE}
			WHERE  
				  parent_ids LIKE 
					<if test="dbName == 'oracle'">'%'|| #{parentIds}||'%'</if>
					<if test="dbName == 'mssql'">'%'+#{parentIds}+'%'</if>
					<if test="dbName == 'mysql'">concat('%,',#{parentIds},',%')</if>
		 </if>
	</update>
	
	<select id="findByParentIdsLike" resultType="Specialty">
		SELECT
			a.title,
			a.id,
			a.parent_id AS "parent.id",
			a.parent_ids
		FROM table_specialty a
		
		<where>
			a.del_flag = #{DEL_FLAG_NORMAL}
			AND a.parent_ids LIKE concat('%',#{parentIds},'%')
			or a.id = #{id}
		</where>
	</select>
	<update id="updateParentIds">
		UPDATE table_specialty SET 
			parent_id = #{parent.id}, 
			parent_ids = #{parentIds}
		WHERE id = #{id}
	</update>
	
	<select id="getSpecialtyBySpecialtyCode" resultType="Specialty">
		SELECT 
			<include refid="specialtyColumns"/>
		FROM table_specialty a
		<include refid="specialtyJoins"/>
		WHERE a.del_flag = #{DEL_FLAG_NORMAL}
		AND a.specialty_code = #{specialtyCode}
	</select>
	
	
    <select id="findIdListByParentIds" resultType="String">
		SELECT id FROM table_specialty
		WHERE parent_ids LIKE concat('%',#{id},'%') and del_flag='0'
	</select>
</mapper>