<?xml version="1.0" encoding="UTF-8"?>
<!DOCTYPE mapper PUBLIC "-//mybatis.org//DTD Mapper 3.0//EN" "http://mybatis.org/dtd/mybatis-3-mapper.dtd">
<mapper namespace="com.thinkgem.jeesite.modules.resource.dao.LVCourseImplementMapper">
  <resultMap id="BaseResultMap" type="com.thinkgem.jeesite.modules.resource.entity.LVCourseImplement">
    <id column="id" jdbcType="BIGINT" property="id" />
    <result column="type" jdbcType="SMALLINT" property="type" />
    <result column="content" jdbcType="VARCHAR" property="content" />
    <result column="seq" jdbcType="INTEGER" property="seq" />
    <result column="lv_course_id" jdbcType="VARCHAR" property="lvCourseId" />
    <result column="lv_course_cate" jdbcType="SMALLINT" property="lvCourseCate" />
  </resultMap>
  <sql id="Example_Where_Clause">
    <where>
      <foreach collection="oredCriteria" item="criteria" separator="or">
        <if test="criteria.valid">
          <trim prefix="(" prefixOverrides="and" suffix=")">
            <foreach collection="criteria.criteria" item="criterion">
              <choose>
                <when test="criterion.noValue">
                  and ${criterion.condition}
                </when>
                <when test="criterion.singleValue">
                  and ${criterion.condition} #{criterion.value}
                </when>
                <when test="criterion.betweenValue">
                  and ${criterion.condition} #{criterion.value} and #{criterion.secondValue}
                </when>
                <when test="criterion.listValue">
                  and ${criterion.condition}
                  <foreach close=")" collection="criterion.value" item="listItem" open="(" separator=",">
                    #{listItem}
                  </foreach>
                </when>
              </choose>
            </foreach>
          </trim>
        </if>
      </foreach>
    </where>
  </sql>
  <sql id="Update_By_Example_Where_Clause">
    <where>
      <foreach collection="example.oredCriteria" item="criteria" separator="or">
        <if test="criteria.valid">
          <trim prefix="(" prefixOverrides="and" suffix=")">
            <foreach collection="criteria.criteria" item="criterion">
              <choose>
                <when test="criterion.noValue">
                  and ${criterion.condition}
                </when>
                <when test="criterion.singleValue">
                  and ${criterion.condition} #{criterion.value}
                </when>
                <when test="criterion.betweenValue">
                  and ${criterion.condition} #{criterion.value} and #{criterion.secondValue}
                </when>
                <when test="criterion.listValue">
                  and ${criterion.condition}
                  <foreach close=")" collection="criterion.value" item="listItem" open="(" separator=",">
                    #{listItem}
                  </foreach>
                </when>
              </choose>
            </foreach>
          </trim>
        </if>
      </foreach>
    </where>
  </sql>
  <sql id="Base_Column_List">
    id, type, content, seq, lv_course_id, lv_course_cate
  </sql>
  <select id="selectByExample" parameterType="com.thinkgem.jeesite.modules.resource.entity.LVCourseImplementExample" resultMap="BaseResultMap">
    select
    <if test="distinct">
      distinct
    </if>
    <include refid="Base_Column_List" />
    from lv_course_implement
    <if test="_parameter != null">
      <include refid="Example_Where_Clause" />
    </if>
    <if test="orderByClause != null">
      order by ${orderByClause}
    </if>
  </select>
  <select id="selectByPrimaryKey" parameterType="java.lang.Long" resultMap="BaseResultMap">
    select 
    <include refid="Base_Column_List" />
    from lv_course_implement
    where id = #{id,jdbcType=BIGINT}
  </select>
  <delete id="deleteByPrimaryKey" parameterType="java.lang.Long">
    delete from lv_course_implement
    where id = #{id,jdbcType=BIGINT}
  </delete>
  <delete id="deleteByExample" parameterType="com.thinkgem.jeesite.modules.resource.entity.LVCourseImplementExample">
    delete from lv_course_implement
    <if test="_parameter != null">
      <include refid="Example_Where_Clause" />
    </if>
  </delete>
  <insert id="insert" parameterType="com.thinkgem.jeesite.modules.resource.entity.LVCourseImplement">
    insert into lv_course_implement (id, type, content, 
      seq, lv_course_id, lv_course_cate
      )
    values (#{id,jdbcType=BIGINT}, #{type,jdbcType=SMALLINT}, #{content,jdbcType=VARCHAR}, 
      #{seq,jdbcType=INTEGER}, #{lvCourseId,jdbcType=VARCHAR}, #{lvCourseCate,jdbcType=SMALLINT}
      )
  </insert>
  <insert id="insertSelective" parameterType="com.thinkgem.jeesite.modules.resource.entity.LVCourseImplement">
    insert into lv_course_implement
    <trim prefix="(" suffix=")" suffixOverrides=",">
      <if test="id != null">
        id,
      </if>
      <if test="type != null">
        type,
      </if>
      <if test="content != null">
        content,
      </if>
      <if test="seq != null">
        seq,
      </if>
      <if test="lvCourseId != null">
        lv_course_id,
      </if>
      <if test="lvCourseCate != null">
        lv_course_cate,
      </if>
    </trim>
    <trim prefix="values (" suffix=")" suffixOverrides=",">
      <if test="id != null">
        #{id,jdbcType=BIGINT},
      </if>
      <if test="type != null">
        #{type,jdbcType=SMALLINT},
      </if>
      <if test="content != null">
        #{content,jdbcType=VARCHAR},
      </if>
      <if test="seq != null">
        #{seq,jdbcType=INTEGER},
      </if>
      <if test="lvCourseId != null">
        #{lvCourseId,jdbcType=VARCHAR},
      </if>
      <if test="lvCourseCate != null">
        #{lvCourseCate,jdbcType=SMALLINT},
      </if>
    </trim>
  </insert>
  <select id="countByExample" parameterType="com.thinkgem.jeesite.modules.resource.entity.LVCourseImplementExample" resultType="java.lang.Long">
    select count(*) from lv_course_implement
    <if test="_parameter != null">
      <include refid="Example_Where_Clause" />
    </if>
  </select>
  <update id="updateByExampleSelective" parameterType="map">
    update lv_course_implement
    <set>
      <if test="record.id != null">
        id = #{record.id,jdbcType=BIGINT},
      </if>
      <if test="record.type != null">
        type = #{record.type,jdbcType=SMALLINT},
      </if>
      <if test="record.content != null">
        content = #{record.content,jdbcType=VARCHAR},
      </if>
      <if test="record.seq != null">
        seq = #{record.seq,jdbcType=INTEGER},
      </if>
      <if test="record.lvCourseId != null">
        lv_course_id = #{record.lvCourseId,jdbcType=VARCHAR},
      </if>
      <if test="record.lvCourseCate != null">
        lv_course_cate = #{record.lvCourseCate,jdbcType=SMALLINT},
      </if>
    </set>
    <if test="_parameter != null">
      <include refid="Update_By_Example_Where_Clause" />
    </if>
  </update>
  <update id="updateByExample" parameterType="map">
    update lv_course_implement
    set id = #{record.id,jdbcType=BIGINT},
      type = #{record.type,jdbcType=SMALLINT},
      content = #{record.content,jdbcType=VARCHAR},
      seq = #{record.seq,jdbcType=INTEGER},
      lv_course_id = #{record.lvCourseId,jdbcType=VARCHAR},
      lv_course_cate = #{record.lvCourseCate,jdbcType=SMALLINT}
    <if test="_parameter != null">
      <include refid="Update_By_Example_Where_Clause" />
    </if>
  </update>
  <update id="updateByPrimaryKeySelective" parameterType="com.thinkgem.jeesite.modules.resource.entity.LVCourseImplement">
    update lv_course_implement
    <set>
      <if test="type != null">
        type = #{type,jdbcType=SMALLINT},
      </if>
      <if test="content != null">
        content = #{content,jdbcType=VARCHAR},
      </if>
      <if test="seq != null">
        seq = #{seq,jdbcType=INTEGER},
      </if>
      <if test="lvCourseId != null">
        lv_course_id = #{lvCourseId,jdbcType=VARCHAR},
      </if>
      <if test="lvCourseCate != null">
        lv_course_cate = #{lvCourseCate,jdbcType=SMALLINT},
      </if>
    </set>
    where id = #{id,jdbcType=BIGINT}
  </update>
  <update id="updateByPrimaryKey" parameterType="com.thinkgem.jeesite.modules.resource.entity.LVCourseImplement">
    update lv_course_implement
    set type = #{type,jdbcType=SMALLINT},
      content = #{content,jdbcType=VARCHAR},
      seq = #{seq,jdbcType=INTEGER},
      lv_course_id = #{lvCourseId,jdbcType=VARCHAR},
      lv_course_cate = #{lvCourseCate,jdbcType=SMALLINT}
    where id = #{id,jdbcType=BIGINT}
  </update>
  

  
  
   <select id="selectMaxSeqByExample" parameterType="com.thinkgem.jeesite.modules.resource.entity.LVCourseImplementExample" resultType="java.lang.Integer">
       select IFNULL(MAX(seq),0)from lv_course_implement 
     <if test="_parameter != null">
      <include refid="Example_Where_Clause" />
      </if>
   </select>
   
   
   <insert id="insertSelectiveNews" parameterType="com.thinkgem.jeesite.modules.resource.entity.LVCourseImplement">
    insert into table_course_news
    <trim prefix="(" suffix=")" suffixOverrides=",">
      <if test="id != null">
        id,
      </if>
      <if test="type != null">
        type,
      </if>
      <if test="content != null">
        content,
      </if>
      <if test="seq != null">
        seq,
      </if>
      <if test="lvCourseId != null">
        new_id,
      </if>
    </trim>
    <trim prefix="values (" suffix=")" suffixOverrides=",">
      <if test="id != null">
        #{id,jdbcType=BIGINT},
      </if>
      <if test="type != null">
        #{type,jdbcType=SMALLINT},
      </if>
      <if test="content != null">
        #{content,jdbcType=VARCHAR},
      </if>
      <if test="seq != null">
        #{seq,jdbcType=INTEGER},
      </if>
      <if test="lvCourseId != null">
        #{lvCourseId,jdbcType=VARCHAR},
      </if>
    </trim>
  </insert>
  
  <select id="selectMaxSeqByExampleNews" parameterType="com.thinkgem.jeesite.modules.resource.entity.LVCourseImplementExample" resultType="java.lang.Integer">
       select IFNULL(MAX(seq),0)from table_course_news 
     <if test="_parameter != null">
      <include refid="Example_Where_Clause" />
      </if>
   </select>
</mapper>