<?xml version="1.0" encoding="UTF-8"?>
<!DOCTYPE mapper PUBLIC "-//mybatis.org//DTD Mapper 3.0//EN" "http://mybatis.org/dtd/mybatis-3-mapper.dtd">
<mapper namespace="com.thinkgem.jeesite.modules.resource.dao.LVFeedbackMapper">
  <resultMap id="BaseResultMap" type="com.thinkgem.jeesite.modules.resource.entity.LVFeedback">
    <id column="id" jdbcType="INTEGER" property="id" />
    <result column="user_id" jdbcType="VARCHAR" property="userId" />
    <result column="user_name" jdbcType="VARCHAR" property="userName" />
    <result column="email" jdbcType="VARCHAR" property="email" />
    <result column="phone" jdbcType="VARCHAR" property="phone" />
    <result column="content" jdbcType="VARCHAR" property="content" />
    <result column="create_time" jdbcType="TIMESTAMP" property="createTime" />
    <result column="comefrom" jdbcType="SMALLINT" property="comefrom" />
    <result column="status" jdbcType="TINYINT" property="status" />
    <result column="memo" jdbcType="VARCHAR" property="memo" />
    <result column="lv_course_id" jdbcType="VARCHAR" property="lvCourseId" />
    <result column="score" jdbcType="DECIMAL" property="score" />
  </resultMap>
  <sql id="Example_Where_Clause">
    <where>
      <foreach collection="oredCriteria" item="criteria" separator="or">
        <if test="criteria.valid">
          <trim prefix="(" prefixOverrides="and" suffix=")">
            <foreach collection="criteria.criteria" item="criterion">
              <choose>
                <when test="criterion.noValue">
                  and ${criterion.condition}
                </when>
                <when test="criterion.singleValue">
                  and ${criterion.condition} #{criterion.value}
                </when>
                <when test="criterion.betweenValue">
                  and ${criterion.condition} #{criterion.value} and #{criterion.secondValue}
                </when>
                <when test="criterion.listValue">
                  and ${criterion.condition}
                  <foreach close=")" collection="criterion.value" item="listItem" open="(" separator=",">
                    #{listItem}
                  </foreach>
                </when>
              </choose>
            </foreach>
          </trim>
        </if>
      </foreach>
    </where>
  </sql>
  <sql id="Update_By_Example_Where_Clause">
    <where>
      <foreach collection="example.oredCriteria" item="criteria" separator="or">
        <if test="criteria.valid">
          <trim prefix="(" prefixOverrides="and" suffix=")">
            <foreach collection="criteria.criteria" item="criterion">
              <choose>
                <when test="criterion.noValue">
                  and ${criterion.condition}
                </when>
                <when test="criterion.singleValue">
                  and ${criterion.condition} #{criterion.value}
                </when>
                <when test="criterion.betweenValue">
                  and ${criterion.condition} #{criterion.value} and #{criterion.secondValue}
                </when>
                <when test="criterion.listValue">
                  and ${criterion.condition}
                  <foreach close=")" collection="criterion.value" item="listItem" open="(" separator=",">
                    #{listItem}
                  </foreach>
                </when>
              </choose>
            </foreach>
          </trim>
        </if>
      </foreach>
    </where>
  </sql>
  <sql id="Base_Column_List">
    id, user_id, user_name, email, phone, content, create_time, comefrom, status, memo, 
    lv_course_id, score
  </sql>
  <select id="selectByExample" parameterType="com.thinkgem.jeesite.modules.resource.entity.LVFeedbackExample" resultMap="BaseResultMap">
    select
    <if test="distinct">
      distinct
    </if>
    <include refid="Base_Column_List" />
    from lv_feedback
    <if test="_parameter != null">
      <include refid="Example_Where_Clause" />
    </if>
    <if test="orderByClause != null">
      order by ${orderByClause}
    </if>
    
    <if test="start != null &amp;&amp; pageSize != null">
			limit #{start}, #{pageSize}
	</if>
  </select>
  <select id="selectByPrimaryKey" parameterType="java.lang.Integer" resultMap="BaseResultMap">
    select 
    <include refid="Base_Column_List" />
    from lv_feedback
    where id = #{id,jdbcType=INTEGER}
  </select>
  <delete id="deleteByPrimaryKey" parameterType="java.lang.Integer">
    delete from lv_feedback
    where id = #{id,jdbcType=INTEGER}
  </delete>
  <delete id="deleteByExample" parameterType="com.thinkgem.jeesite.modules.resource.entity.LVFeedbackExample">
    delete from lv_feedback
    <if test="_parameter != null">
      <include refid="Example_Where_Clause" />
    </if>
  </delete>
  <insert id="insert" parameterType="com.thinkgem.jeesite.modules.resource.entity.LVFeedback">
    insert into lv_feedback (id, user_id, user_name, 
      email, phone, content, 
      create_time, comefrom, status, 
      memo, lv_course_id, score
      )
    values (#{id,jdbcType=INTEGER}, #{userId,jdbcType=VARCHAR}, #{userName,jdbcType=VARCHAR}, 
      #{email,jdbcType=VARCHAR}, #{phone,jdbcType=VARCHAR}, #{content,jdbcType=VARCHAR}, 
      #{createTime,jdbcType=TIMESTAMP}, #{comefrom,jdbcType=SMALLINT}, #{status,jdbcType=TINYINT}, 
      #{memo,jdbcType=VARCHAR}, #{lvCourseId,jdbcType=VARCHAR}, #{score,jdbcType=DECIMAL}
      )
  </insert>
  <insert id="insertSelective" parameterType="com.thinkgem.jeesite.modules.resource.entity.LVFeedback">
    insert into lv_feedback
    <trim prefix="(" suffix=")" suffixOverrides=",">
      <if test="id != null">
        id,
      </if>
      <if test="userId != null">
        user_id,
      </if>
      <if test="userName != null">
        user_name,
      </if>
      <if test="email != null">
        email,
      </if>
      <if test="phone != null">
        phone,
      </if>
      <if test="content != null">
        content,
      </if>
      <if test="createTime != null">
        create_time,
      </if>
      <if test="comefrom != null">
        comefrom,
      </if>
      <if test="status != null">
        status,
      </if>
      <if test="memo != null">
        memo,
      </if>
      <if test="lvCourseId != null">
        lv_course_id,
      </if>
      <if test="score != null">
        score,
      </if>
    </trim>
    <trim prefix="values (" suffix=")" suffixOverrides=",">
      <if test="id != null">
        #{id,jdbcType=INTEGER},
      </if>
      <if test="userId != null">
        #{userId,jdbcType=VARCHAR},
      </if>
      <if test="userName != null">
        #{userName,jdbcType=VARCHAR},
      </if>
      <if test="email != null">
        #{email,jdbcType=VARCHAR},
      </if>
      <if test="phone != null">
        #{phone,jdbcType=VARCHAR},
      </if>
      <if test="content != null">
        #{content,jdbcType=VARCHAR},
      </if>
      <if test="createTime != null">
        #{createTime,jdbcType=TIMESTAMP},
      </if>
      <if test="comefrom != null">
        #{comefrom,jdbcType=SMALLINT},
      </if>
      <if test="status != null">
        #{status,jdbcType=TINYINT},
      </if>
      <if test="memo != null">
        #{memo,jdbcType=VARCHAR},
      </if>
      <if test="lvCourseId != null">
        #{lvCourseId,jdbcType=VARCHAR},
      </if>
      <if test="score != null">
        #{score,jdbcType=DECIMAL},
      </if>
    </trim>
  </insert>
  <select id="countByExample" parameterType="com.thinkgem.jeesite.modules.resource.entity.LVFeedbackExample" resultType="java.lang.Long">
    select count(*) from lv_feedback
    <if test="_parameter != null">
      <include refid="Example_Where_Clause" />
    </if>
  </select>
  <update id="updateByExampleSelective" parameterType="map">
    update lv_feedback
    <set>
      <if test="record.id != null">
        id = #{record.id,jdbcType=INTEGER},
      </if>
      <if test="record.userId != null">
        user_id = #{record.userId,jdbcType=VARCHAR},
      </if>
      <if test="record.userName != null">
        user_name = #{record.userName,jdbcType=VARCHAR},
      </if>
      <if test="record.email != null">
        email = #{record.email,jdbcType=VARCHAR},
      </if>
      <if test="record.phone != null">
        phone = #{record.phone,jdbcType=VARCHAR},
      </if>
      <if test="record.content != null">
        content = #{record.content,jdbcType=VARCHAR},
      </if>
      <if test="record.createTime != null">
        create_time = #{record.createTime,jdbcType=TIMESTAMP},
      </if>
      <if test="record.comefrom != null">
        comefrom = #{record.comefrom,jdbcType=SMALLINT},
      </if>
      <if test="record.status != null">
        status = #{record.status,jdbcType=TINYINT},
      </if>
      <if test="record.memo != null">
        memo = #{record.memo,jdbcType=VARCHAR},
      </if>
      <if test="record.lvCourseId != null">
        lv_course_id = #{record.lvCourseId,jdbcType=VARCHAR},
      </if>
      <if test="record.score != null">
        score = #{record.score,jdbcType=DECIMAL},
      </if>
    </set>
    <if test="_parameter != null">
      <include refid="Update_By_Example_Where_Clause" />
    </if>
  </update>
  <update id="updateByExample" parameterType="map">
    update lv_feedback
    set id = #{record.id,jdbcType=INTEGER},
      user_id = #{record.userId,jdbcType=VARCHAR},
      user_name = #{record.userName,jdbcType=VARCHAR},
      email = #{record.email,jdbcType=VARCHAR},
      phone = #{record.phone,jdbcType=VARCHAR},
      content = #{record.content,jdbcType=VARCHAR},
      create_time = #{record.createTime,jdbcType=TIMESTAMP},
      comefrom = #{record.comefrom,jdbcType=SMALLINT},
      status = #{record.status,jdbcType=TINYINT},
      memo = #{record.memo,jdbcType=VARCHAR},
      lv_course_id = #{record.lvCourseId,jdbcType=VARCHAR},
      score = #{record.score,jdbcType=DECIMAL}
    <if test="_parameter != null">
      <include refid="Update_By_Example_Where_Clause" />
    </if>
  </update>
  <update id="updateByPrimaryKeySelective" parameterType="com.thinkgem.jeesite.modules.resource.entity.LVFeedback">
    update lv_feedback
    <set>
      <if test="userId != null">
        user_id = #{userId,jdbcType=VARCHAR},
      </if>
      <if test="userName != null">
        user_name = #{userName,jdbcType=VARCHAR},
      </if>
      <if test="email != null">
        email = #{email,jdbcType=VARCHAR},
      </if>
      <if test="phone != null">
        phone = #{phone,jdbcType=VARCHAR},
      </if>
      <if test="content != null">
        content = #{content,jdbcType=VARCHAR},
      </if>
      <if test="createTime != null">
        create_time = #{createTime,jdbcType=TIMESTAMP},
      </if>
      <if test="comefrom != null">
        comefrom = #{comefrom,jdbcType=SMALLINT},
      </if>
      <if test="status != null">
        status = #{status,jdbcType=TINYINT},
      </if>
      <if test="memo != null">
        memo = #{memo,jdbcType=VARCHAR},
      </if>
      <if test="lvCourseId != null">
        lv_course_id = #{lvCourseId,jdbcType=VARCHAR},
      </if>
      <if test="score != null">
        score = #{score,jdbcType=DECIMAL},
      </if>
    </set>
    where id = #{id,jdbcType=INTEGER}
  </update>
  <update id="updateByPrimaryKey" parameterType="com.thinkgem.jeesite.modules.resource.entity.LVFeedback">
    update lv_feedback
    set user_id = #{userId,jdbcType=VARCHAR},
      user_name = #{userName,jdbcType=VARCHAR},
      email = #{email,jdbcType=VARCHAR},
      phone = #{phone,jdbcType=VARCHAR},
      content = #{content,jdbcType=VARCHAR},
      create_time = #{createTime,jdbcType=TIMESTAMP},
      comefrom = #{comefrom,jdbcType=SMALLINT},
      status = #{status,jdbcType=TINYINT},
      memo = #{memo,jdbcType=VARCHAR},
      lv_course_id = #{lvCourseId,jdbcType=VARCHAR},
      score = #{score,jdbcType=DECIMAL}
    where id = #{id,jdbcType=INTEGER}
  </update>
</mapper>