<?xml version="1.0" encoding="UTF-8" ?>
<!DOCTYPE mapper PUBLIC "-//mybatis.org//DTD Mapper 3.0//EN" "http://mybatis.org/dtd/mybatis-3-mapper.dtd">
<mapper namespace="com.thinkgem.jeesite.modules.resource.dao.TablePublicationResourceDao">
	<select id="getResourceList" resultType="com.thinkgem.jeesite.modules.resource.entity.TablePublicationResource">
		SELECT 
			id,
			name,
			course_id as 'courseId',
			category_id as 'categoryId',
			file_path as 'filePath',
			file_size as 'fileSize',
			presenter,
			creator,
			price,
			image,
			create_time as 'createTime',
			file_time as 'fileTime',
			update_time as 'updateDate',
			reserved1,
			reserved2,
			playNum,
			sort
		FROM table_publication_resource
		<where>
			<if test="name != null and name != ''">
				and name like '%${name}%'
			</if>
			<if test="categoryId != null and categoryId != ''">
				and category_id in (SELECT id FROM table_category WHERE id=#{categoryId} or parent_ids like CONCAT('%',#{categoryId},'%'))
			</if>
		</where>
		
		 ORDER BY  sort 
	</select>
	
	<select id="selectResourceById" resultType="com.thinkgem.jeesite.modules.resource.entity.TablePublicationResource">
		SELECT 
			id,
			name,
			course_id as 'courseId',
			category_id as 'categoryId',
			(SELECT id FROM table_category WHERE id=category_id) AS 'category.id',
			(SELECT NAME FROM table_category WHERE id=category_id) AS 'category.name',
			(SELECT id FROM table_course WHERE id=course_id) AS 'course.id',
			(SELECT title FROM table_course WHERE id=course_id) AS 'course.title',
			file_path as 'filePath',
			file_size as 'fileSize',
			presenter,
			creator,
			price,
			image,
			create_time as 'createTime',
			file_time as 'fileTime',
			update_time as 'updateDate',
			reserved1,
			reserved2,
			playNum,
			sort
		FROM table_publication_resource
		where id=#{resId}
		
		 ORDER BY  sort 
	</select>
	
	<insert id="insert">
	INSERT INTO table_publication_resource
	  <trim prefix="(" suffix=")" suffixOverrides=",">
		<if test="id != null and id !=''">
			id,
		</if>
		<if test="name != null and name !=''">
			name,
		</if>
		<if test="courseId != null and courseId !=''">
			course_id,
		</if>
		<if test="presenter != null and presenter !=''">
			presenter,
		</if>
		<if test="categoryId != null and categoryId !=''">
			category_id,
		</if>
		<if test="filePath != null and filePath !=''">
			file_path,
		</if>
		<if test="fileSize != null and fileSize !=''">
			file_size,
		</if>
		<if test="creator != null and creator !=''">
			creator,
		</if>
		<if test="price != null">
			price,
		</if>
		<if test="createTime != null">
			create_time,
		</if>
		<if test="fileTime != null and fileTime != '' ">
			file_time,
		</if>
		<if test="updateDate != null">
			update_time,
		</if>
		<if test="image != null and image != '' ">
			image,
		</if>
		<if test="reserved1 != null and reserved1 != '' ">
			reserved1,
		</if>
		<if test="reserved2 != null and reserved2 != '' ">
			reserved2,
		</if>
		<if test="playNum != null  ">
			playNum,
		</if>
		
		<if test="sort != null  ">
			sort,
		</if>
	</trim>
	 <trim prefix="values (" suffix=")" suffixOverrides=",">
		<if test="id != null and id !=''">
			#{id},
		</if>
		<if test="name != null and name !=''">
			#{name},
		</if>
		<if test="courseId != null and courseId !=''">
			#{courseId},
		</if>
		<if test="presenter != null and presenter !=''">
			#{presenter},
		</if>
		<if test="categoryId != null and categoryId !=''">
			#{categoryId},
		</if>
		<if test="filePath != null and filePath !=''">
			#{filePath},
		</if>
		<if test="fileSize != null and fileSize !=''">
			#{fileSize},
		</if>
		<if test="creator != null and creator !=''">
			#{creator},
		</if>
		<if test="price != null">
			#{price},
		</if>
		<if test="createTime != null">
			#{createTime},
		</if>
		<if test="fileTime != null and fileTime != '' ">
			#{fileTime},
		</if>
		<if test="updateDate != null">
			#{updateDate},
		</if>
		<if test="image != null and image != '' ">
			#{image},
		</if>
		<if test="reserved1 != null and reserved1 != '' ">
			#{reserved1},
		</if>
		<if test="reserved2 != null and reserved2 != '' ">
			#{reserved2},
		</if>
		<if test="playNum != null  ">
			#{playNum},
		</if>
		<if test="sort != null  ">
			#{sort},
		</if>
	</trim>
	</insert>
	
	<update id="update">
	UPDATE table_publication_resource 
	 <set>
		<if test="name != null and name !=''">
			name=#{name},
		</if>
		<if test="courseId != null and courseId !=''">
			course_id=#{courseId},
		</if>
		<if test="presenter != null and presenter !=''">
			presenter=#{presenter},
		</if>
		<if test="categoryId != null and categoryId !=''">
			category_id=#{categoryId},
		</if>
		<if test="filePath != null and filePath !=''">
			file_path=#{filePath},
		</if>
		<if test="fileSize != null and fileSize !=''">
			file_size=#{fileSize},
		</if>
		<if test="creator != null and creator !=''">
			creator=#{creator},
		</if>
		<if test="price != null">
			price=#{price},
		</if>
		<if test="createTime != null">
			create_time=#{createTime},
		</if>
		<if test="fileTime != null and fileTime != '' ">
			file_time=#{fileTime},
		</if>
		<if test="updateDate != null">
			update_time=#{updateDate},
		</if>
		<if test="image != null and image != '' ">
			image=#{image},
		</if>
		<if test="reserved1 != null and reserved1 != '' ">
			reserved1=#{reserved1},
		</if>
		<if test="reserved2 != null and reserved2 != '' ">
			reserved2=#{reserved2},
		</if>
		
		<if test="playNum != null ">
			playNum=#{playNum},
		</if>
		
		<if test="sort != null ">
			sort=#{sort},
		</if>
    </set>
    <where>
    	id=#{id}
    </where>
	</update>
	<delete id="delete">
		DELETE FROM table_publication_resource 
		WHERE id=#{cateId}
	</delete>
</mapper>