<?xml version="1.0" encoding="UTF-8"?>
<!DOCTYPE mapper PUBLIC "-//mybatis.org//DTD Mapper 3.0//EN" "http://mybatis.org/dtd/mybatis-3-mapper.dtd">
<mapper namespace="com.thinkgem.jeesite.modules.web.dao.UserOrderMapper">
  <resultMap id="BaseResultMap" type="com.thinkgem.jeesite.modules.web.entity.pay.UserOrder">
    <result column="order_no" jdbcType="VARCHAR" property="orderNo" />
    <result column="user_id" jdbcType="VARCHAR" property="userId" />
    <result column="phone" jdbcType="VARCHAR" property="phone" />
    <result column="target_id" jdbcType="VARCHAR" property="targetId" />
    <result column="price" jdbcType="DECIMAL" property="price" />
    <result column="comform" jdbcType="VARCHAR" property="comform" />
    <result column="create_time" jdbcType="TIMESTAMP" property="createTime" />
    <result column="status" jdbcType="INTEGER" property="status" />
    <result column="pay_type" jdbcType="VARCHAR" property="payType" />
    <result column="update_time" jdbcType="TIMESTAMP" property="updateTime" />
  </resultMap>
  <resultMap extends="BaseResultMap" id="ResultMapWithBLOBs" type="com.thinkgem.jeesite.modules.web.entity.pay.UserOrderWithBLOBs">
    <result column="order_info" jdbcType="LONGVARCHAR" property="orderInfo" />
    <result column="pay_reuslt" jdbcType="LONGVARCHAR" property="payReuslt" />
  </resultMap>
  <sql id="Example_Where_Clause">
    <where>
      <foreach collection="oredCriteria" item="criteria" separator="or">
        <if test="criteria.valid">
          <trim prefix="(" prefixOverrides="and" suffix=")">
            <foreach collection="criteria.criteria" item="criterion">
              <choose>
                <when test="criterion.noValue">
                  and ${criterion.condition}
                </when>
                <when test="criterion.singleValue">
                  and ${criterion.condition} #{criterion.value}
                </when>
                <when test="criterion.betweenValue">
                  and ${criterion.condition} #{criterion.value} and #{criterion.secondValue}
                </when>
                <when test="criterion.listValue">
                  and ${criterion.condition}
                  <foreach close=")" collection="criterion.value" item="listItem" open="(" separator=",">
                    #{listItem}
                  </foreach>
                </when>
              </choose>
            </foreach>
          </trim>
        </if>
      </foreach>
    </where>
  </sql>
  <sql id="Update_By_Example_Where_Clause">
    <where>
      <foreach collection="example.oredCriteria" item="criteria" separator="or">
        <if test="criteria.valid">
          <trim prefix="(" prefixOverrides="and" suffix=")">
            <foreach collection="criteria.criteria" item="criterion">
              <choose>
                <when test="criterion.noValue">
                  and ${criterion.condition}
                </when>
                <when test="criterion.singleValue">
                  and ${criterion.condition} #{criterion.value}
                </when>
                <when test="criterion.betweenValue">
                  and ${criterion.condition} #{criterion.value} and #{criterion.secondValue}
                </when>
                <when test="criterion.listValue">
                  and ${criterion.condition}
                  <foreach close=")" collection="criterion.value" item="listItem" open="(" separator=",">
                    #{listItem}
                  </foreach>
                </when>
              </choose>
            </foreach>
          </trim>
        </if>
      </foreach>
    </where>
  </sql>
  <sql id="Base_Column_List">
    order_no, user_id, phone, target_id, price, comform, create_time, status, pay_type, 
    update_time
  </sql>
  <sql id="Blob_Column_List">
    order_info, pay_reuslt
  </sql>
  <select id="selectByExampleWithBLOBs" parameterType="com.thinkgem.jeesite.modules.web.entity.pay.UserOrderExample" resultMap="ResultMapWithBLOBs">
    select
    <if test="distinct">
      distinct
    </if>
    <include refid="Base_Column_List" />
    ,
    <include refid="Blob_Column_List" />
    from pay_user_order
    <if test="_parameter != null">
      <include refid="Example_Where_Clause" />
    </if>
    <if test="orderByClause != null">
      order by ${orderByClause}
    </if>
  </select>
  <select id="selectByExample" parameterType="com.thinkgem.jeesite.modules.web.entity.pay.UserOrderExample" resultMap="BaseResultMap">
    select
    <if test="distinct">
      distinct
    </if>
    <include refid="Base_Column_List" />
    from pay_user_order
    <if test="_parameter != null">
      <include refid="Example_Where_Clause" />
    </if>
    <if test="orderByClause != null">
      order by ${orderByClause}
    </if>
  </select>
  <delete id="deleteByExample" parameterType="com.thinkgem.jeesite.modules.web.entity.pay.UserOrderExample">
    delete from pay_user_order
    <if test="_parameter != null">
      <include refid="Example_Where_Clause" />
    </if>
  </delete>
  <insert id="insert" parameterType="com.thinkgem.jeesite.modules.web.entity.pay.UserOrderWithBLOBs">
    insert into pay_user_order (order_no, user_id, phone, 
      target_id, price, comform, 
      create_time, status, pay_type, 
      update_time, order_info, pay_reuslt
      )
    values (#{orderNo,jdbcType=VARCHAR}, #{userId,jdbcType=VARCHAR}, #{phone,jdbcType=VARCHAR}, 
      #{targetId,jdbcType=VARCHAR}, #{price,jdbcType=DECIMAL}, #{comform,jdbcType=VARCHAR}, 
      #{createTime,jdbcType=TIMESTAMP}, #{status,jdbcType=INTEGER}, #{payType,jdbcType=VARCHAR}, 
      #{updateTime,jdbcType=TIMESTAMP}, #{orderInfo,jdbcType=LONGVARCHAR}, #{payReuslt,jdbcType=LONGVARCHAR}
      )
  </insert>
  <insert id="insertSelective" parameterType="com.thinkgem.jeesite.modules.web.entity.pay.UserOrderWithBLOBs">
    insert into pay_user_order
    <trim prefix="(" suffix=")" suffixOverrides=",">
      <if test="orderNo != null">
        order_no,
      </if>
      <if test="userId != null">
        user_id,
      </if>
      <if test="phone != null">
        phone,
      </if>
      <if test="targetId != null">
        target_id,
      </if>
      <if test="price != null">
        price,
      </if>
      <if test="comform != null">
        comform,
      </if>
      <if test="createTime != null">
        create_time,
      </if>
      <if test="status != null">
        status,
      </if>
      <if test="payType != null">
        pay_type,
      </if>
      <if test="updateTime != null">
        update_time,
      </if>
      <if test="orderInfo != null">
        order_info,
      </if>
      <if test="payReuslt != null">
        pay_reuslt,
      </if>
    </trim>
    <trim prefix="values (" suffix=")" suffixOverrides=",">
      <if test="orderNo != null">
        #{orderNo,jdbcType=VARCHAR},
      </if>
      <if test="userId != null">
        #{userId,jdbcType=VARCHAR},
      </if>
      <if test="phone != null">
        #{phone,jdbcType=VARCHAR},
      </if>
      <if test="targetId != null">
        #{targetId,jdbcType=VARCHAR},
      </if>
      <if test="price != null">
        #{price,jdbcType=DECIMAL},
      </if>
      <if test="comform != null">
        #{comform,jdbcType=VARCHAR},
      </if>
      <if test="createTime != null">
        #{createTime,jdbcType=TIMESTAMP},
      </if>
      <if test="status != null">
        #{status,jdbcType=INTEGER},
      </if>
      <if test="payType != null">
        #{payType,jdbcType=VARCHAR},
      </if>
      <if test="updateTime != null">
        #{updateTime,jdbcType=TIMESTAMP},
      </if>
      <if test="orderInfo != null">
        #{orderInfo,jdbcType=LONGVARCHAR},
      </if>
      <if test="payReuslt != null">
        #{payReuslt,jdbcType=LONGVARCHAR},
      </if>
    </trim>
  </insert>
  <select id="countByExample" parameterType="com.thinkgem.jeesite.modules.web.entity.pay.UserOrderExample" resultType="java.lang.Long">
    select count(*) from pay_user_order
    <if test="_parameter != null">
      <include refid="Example_Where_Clause" />
    </if>
  </select>
  <update id="updateByExampleSelective" parameterType="map">
    update pay_user_order
    <set>
      <if test="record.orderNo != null">
        order_no = #{record.orderNo,jdbcType=VARCHAR},
      </if>
      <if test="record.userId != null">
        user_id = #{record.userId,jdbcType=VARCHAR},
      </if>
      <if test="record.phone != null">
        phone = #{record.phone,jdbcType=VARCHAR},
      </if>
      <if test="record.targetId != null">
        target_id = #{record.targetId,jdbcType=VARCHAR},
      </if>
      <if test="record.price != null">
        price = #{record.price,jdbcType=DECIMAL},
      </if>
      <if test="record.comform != null">
        comform = #{record.comform,jdbcType=VARCHAR},
      </if>
      <if test="record.createTime != null">
        create_time = #{record.createTime,jdbcType=TIMESTAMP},
      </if>
      <if test="record.status != null">
        status = #{record.status,jdbcType=INTEGER},
      </if>
      <if test="record.payType != null">
        pay_type = #{record.payType,jdbcType=VARCHAR},
      </if>
      <if test="record.updateTime != null">
        update_time = #{record.updateTime,jdbcType=TIMESTAMP},
      </if>
      <if test="record.orderInfo != null">
        order_info = #{record.orderInfo,jdbcType=LONGVARCHAR},
      </if>
      <if test="record.payReuslt != null">
        pay_reuslt = #{record.payReuslt,jdbcType=LONGVARCHAR},
      </if>
    </set>
    <if test="_parameter != null">
      <include refid="Update_By_Example_Where_Clause" />
    </if>
  </update>
  <update id="updateByExampleWithBLOBs" parameterType="map">
    update pay_user_order
    set order_no = #{record.orderNo,jdbcType=VARCHAR},
      user_id = #{record.userId,jdbcType=VARCHAR},
      phone = #{record.phone,jdbcType=VARCHAR},
      target_id = #{record.targetId,jdbcType=VARCHAR},
      price = #{record.price,jdbcType=DECIMAL},
      comform = #{record.comform,jdbcType=VARCHAR},
      create_time = #{record.createTime,jdbcType=TIMESTAMP},
      status = #{record.status,jdbcType=INTEGER},
      pay_type = #{record.payType,jdbcType=VARCHAR},
      update_time = #{record.updateTime,jdbcType=TIMESTAMP},
      order_info = #{record.orderInfo,jdbcType=LONGVARCHAR},
      pay_reuslt = #{record.payReuslt,jdbcType=LONGVARCHAR}
    <if test="_parameter != null">
      <include refid="Update_By_Example_Where_Clause" />
    </if>
  </update>
  <update id="updateByExample" parameterType="map">
    update pay_user_order
    set order_no = #{record.orderNo,jdbcType=VARCHAR},
      user_id = #{record.userId,jdbcType=VARCHAR},
      phone = #{record.phone,jdbcType=VARCHAR},
      target_id = #{record.targetId,jdbcType=VARCHAR},
      price = #{record.price,jdbcType=DECIMAL},
      comform = #{record.comform,jdbcType=VARCHAR},
      create_time = #{record.createTime,jdbcType=TIMESTAMP},
      status = #{record.status,jdbcType=INTEGER},
      pay_type = #{record.payType,jdbcType=VARCHAR},
      update_time = #{record.updateTime,jdbcType=TIMESTAMP}
    <if test="_parameter != null">
      <include refid="Update_By_Example_Where_Clause" />
    </if>
  </update>
</mapper>